
INSERT INTO PAIS (ID_PAIS , CODIGO, NOMBRE ) VALUES (1, 'AU',	'Australia');
INSERT INTO PAIS (ID_PAIS , CODIGO, NOMBRE ) VALUES (2, 'CN',	'China');
INSERT INTO PAIS (ID_PAIS , CODIGO, NOMBRE ) VALUES (3, 'JP',	'Japan');
INSERT INTO PAIS (ID_PAIS , CODIGO, NOMBRE ) VALUES (4, 'TH',	'Thailand');
INSERT INTO PAIS (ID_PAIS , CODIGO, NOMBRE ) VALUES (5, 'IN',	'India');
INSERT INTO PAIS (ID_PAIS , CODIGO, NOMBRE ) VALUES (6, 'MY',	'Malaysia');
INSERT INTO PAIS (ID_PAIS , CODIGO, NOMBRE ) VALUES (10, 'PH',	'Philippines');
INSERT INTO PAIS (ID_PAIS , CODIGO, NOMBRE ) VALUES (11, 'VN',	'Vietnam');
INSERT INTO PAIS (ID_PAIS , CODIGO, NOMBRE ) VALUES (12, 'FR',	'France');
INSERT INTO PAIS (ID_PAIS , CODIGO, NOMBRE ) VALUES (14, 'DE',	'Germany');
INSERT INTO PAIS (ID_PAIS , CODIGO, NOMBRE ) VALUES (15, 'SE',	'Sweden');
INSERT INTO PAIS (ID_PAIS , CODIGO, NOMBRE ) VALUES (16, 'IT',	'Italy');
INSERT INTO PAIS (ID_PAIS , CODIGO, NOMBRE ) VALUES (18, 'ES',	'Spain');
INSERT INTO PAIS (ID_PAIS , CODIGO, NOMBRE ) VALUES (19, 'AT',	'Austria');
INSERT INTO PAIS (ID_PAIS , CODIGO, NOMBRE ) VALUES (20, 'GB',	'United Kingdom');
INSERT INTO PAIS (ID_PAIS , CODIGO, NOMBRE ) VALUES (22, 'BE',	'Belgium');
INSERT INTO PAIS (ID_PAIS , CODIGO, NOMBRE ) VALUES (23, 'CH',	'Switzerland');
INSERT INTO PAIS (ID_PAIS , CODIGO, NOMBRE ) VALUES (25, 'IL',	'Israel');
INSERT INTO PAIS (ID_PAIS , CODIGO, NOMBRE ) VALUES (26, 'UA',	'Ukraine');
INSERT INTO PAIS (ID_PAIS , CODIGO, NOMBRE ) VALUES (27, 'RU',	'Russian Federation');
INSERT INTO PAIS (ID_PAIS , CODIGO, NOMBRE ) VALUES (28, 'KZ',	'Kazakhstan');
INSERT INTO PAIS (ID_PAIS , CODIGO, NOMBRE ) VALUES (29, 'PT',	'Portugal');
INSERT INTO PAIS (ID_PAIS , CODIGO, NOMBRE ) VALUES (31, 'DK',	'Denmark');
INSERT INTO PAIS (ID_PAIS , CODIGO, NOMBRE ) VALUES (32, 'IR',	'Ira');
INSERT INTO PAIS (ID_PAIS , CODIGO, NOMBRE ) VALUES (34, 'US',	'United States');
INSERT INTO PAIS (ID_PAIS , CODIGO, NOMBRE ) VALUES (35, 'MX',	'Mexico');
INSERT INTO PAIS (ID_PAIS , CODIGO, NOMBRE ) VALUES (36, 'CA',	'Canada');
INSERT INTO PAIS (ID_PAIS , CODIGO, NOMBRE ) VALUES (40, 'CZ',	'Czech Republic');
INSERT INTO PAIS (ID_PAIS , CODIGO, NOMBRE ) VALUES (42, 'TR',	'Turkey');
INSERT INTO PAIS (ID_PAIS , CODIGO, NOMBRE ) VALUES (43, 'RO',	'Romania');
INSERT INTO PAIS (ID_PAIS , CODIGO, NOMBRE ) VALUES (45, 'HU',	'Hungary');
INSERT INTO PAIS (ID_PAIS , CODIGO, NOMBRE ) VALUES (47, 'BR',	'Brazil');
INSERT INTO PAIS (ID_PAIS , CODIGO, NOMBRE ) VALUES (50, 'PS',	'Palestinian Territory');
INSERT INTO PAIS (ID_PAIS , CODIGO, NOMBRE ) VALUES (53, 'SK',	'Slovakia');
INSERT INTO PAIS (ID_PAIS , CODIGO, NOMBRE ) VALUES (55, 'FI',	'Finland');
INSERT INTO PAIS (ID_PAIS , CODIGO, NOMBRE ) VALUES (56, 'IS',	'Iceland');
INSERT INTO PAIS (ID_PAIS , CODIGO, NOMBRE ) VALUES (57, 'BG',	'Bulgaria');
INSERT INTO PAIS (ID_PAIS , CODIGO, NOMBRE ) VALUES (63, 'PL',	'Poland');
INSERT INTO PAIS (ID_PAIS , CODIGO, NOMBRE ) VALUES (64, 'HR',	'Croatia');
INSERT INTO PAIS (ID_PAIS , CODIGO, NOMBRE ) VALUES (66, 'EE',	'Estonia');
INSERT INTO PAIS (ID_PAIS , CODIGO, NOMBRE ) VALUES (67, 'LV',	'Latvia');
INSERT INTO PAIS (ID_PAIS , CODIGO, NOMBRE ) VALUES (77, 'BY',	'Belarus');
INSERT INTO PAIS (ID_PAIS , CODIGO, NOMBRE ) VALUES (81, 'DO',	'Dominican Republic');
INSERT INTO PAIS (ID_PAIS , CODIGO, NOMBRE ) VALUES (86, 'NZ',	'New Zealand');
INSERT INTO PAIS (ID_PAIS , CODIGO, NOMBRE ) VALUES (95, 'AR',	'Argentina');
INSERT INTO PAIS (ID_PAIS , CODIGO, NOMBRE ) VALUES (114, 'CO',	'Colombia');
INSERT INTO PAIS (ID_PAIS , CODIGO, NOMBRE ) VALUES (117, 'EC',	'Ecuador');
INSERT INTO PAIS (ID_PAIS , CODIGO, NOMBRE ) VALUES (118, 'ZA',	'South Africa');
INSERT INTO PAIS (ID_PAIS , CODIGO, NOMBRE ) VALUES (120, 'BO',	'Bolivia');
INSERT INTO PAIS (ID_PAIS , CODIGO, NOMBRE ) VALUES (129, 'KE',	'Kenya');
INSERT INTO PAIS (ID_PAIS , CODIGO, NOMBRE ) VALUES (131, 'NG',	'Nigeria');
INSERT INTO PAIS (ID_PAIS , CODIGO, NOMBRE ) VALUES (134, 'MG',	'Madagascar');
INSERT INTO PAIS (ID_PAIS , CODIGO, NOMBRE ) VALUES (178, 'JM',	'Jamaica');
INSERT INTO PAIS (ID_PAIS , CODIGO, NOMBRE ) VALUES (182, 'BB',	'Barbados');
INSERT INTO PAIS (ID_PAIS , CODIGO, NOMBRE ) VALUES (202, 'SV',	'El Salvador');
INSERT INTO PAIS (ID_PAIS , CODIGO, NOMBRE ) VALUES (205, 'LK',	'Sri Lanka');
INSERT INTO PAIS (ID_PAIS , CODIGO, NOMBRE ) VALUES (240, 'KP',	'Kore');
INSERT INTO PAIS (ID_PAIS , CODIGO, NOMBRE ) VALUES (246, 'NI',	'Nicaragua');



INSERT INTO CIUDAD (CODIGO_CIUDAD, CODIGO_PAIS, NOMBRE ) VALUES ('Dart', 36, 'Dartmouth');
INSERT INTO CIUDAD (CODIGO_CIUDAD, CODIGO_PAIS, NOMBRE ) VALUES ('Vill', 95, 'Villa Aberastain');
INSERT INTO CIUDAD (CODIGO_CIUDAD, CODIGO_PAIS, NOMBRE ) VALUES ('West', 22, 'Westrem');
INSERT INTO CIUDAD (CODIGO_CIUDAD, CODIGO_PAIS, NOMBRE ) VALUES ('Darn', 14, 'Darnstedt');
INSERT INTO CIUDAD (CODIGO_CIUDAD, CODIGO_PAIS, NOMBRE ) VALUES ('Kake', 14, 'Kakenstorf');
INSERT INTO CIUDAD (CODIGO_CIUDAD, CODIGO_PAIS, NOMBRE ) VALUES ('Lons', 14, 'Lonsee');
INSERT INTO CIUDAD (CODIGO_CIUDAD, CODIGO_PAIS, NOMBRE ) VALUES ('Will', 23, 'Willisau');
INSERT INTO CIUDAD (CODIGO_CIUDAD, CODIGO_PAIS, NOMBRE ) VALUES ('Käse', 23, 'Käserstatt');
INSERT INTO CIUDAD (CODIGO_CIUDAD, CODIGO_PAIS, NOMBRE ) VALUES ('Nove', 40, 'Nove Mesto Na Morave');
INSERT INTO CIUDAD (CODIGO_CIUDAD, CODIGO_PAIS, NOMBRE ) VALUES ('Mand', 19, 'Mandling');
INSERT INTO CIUDAD (CODIGO_CIUDAD, CODIGO_PAIS, NOMBRE ) VALUES ('Heis', 14, 'Heisenberg');
INSERT INTO CIUDAD (CODIGO_CIUDAD, CODIGO_PAIS, NOMBRE ) VALUES ('Esse', 14, 'Essendorf');
INSERT INTO CIUDAD (CODIGO_CIUDAD, CODIGO_PAIS, NOMBRE ) VALUES ('Neuk', 14, 'Neukieritzsch');
INSERT INTO CIUDAD (CODIGO_CIUDAD, CODIGO_PAIS, NOMBRE ) VALUES ('Kers', 19, 'Kerschham');
INSERT INTO CIUDAD (CODIGO_CIUDAD, CODIGO_PAIS, NOMBRE ) VALUES ('Seid', 19, 'Seidolach');
INSERT INTO CIUDAD (CODIGO_CIUDAD, CODIGO_PAIS, NOMBRE ) VALUES ('Gros', 19, 'Grosssulz');
INSERT INTO CIUDAD (CODIGO_CIUDAD, CODIGO_PAIS, NOMBRE ) VALUES ('Carr', 1, 'Carrum Downs');
INSERT INTO CIUDAD (CODIGO_CIUDAD, CODIGO_PAIS, NOMBRE ) VALUES ('Yunf', 2, 'Yunfeng');
INSERT INTO CIUDAD (CODIGO_CIUDAD, CODIGO_PAIS, NOMBRE ) VALUES ('Cich', 2, 'Cicheng');
INSERT INTO CIUDAD (CODIGO_CIUDAD, CODIGO_PAIS, NOMBRE ) VALUES ('Anto', 22, 'Antoing');
INSERT INTO CIUDAD (CODIGO_CIUDAD, CODIGO_PAIS, NOMBRE ) VALUES ('Krak', 14, 'Krakow Am See');
INSERT INTO CIUDAD (CODIGO_CIUDAD, CODIGO_PAIS, NOMBRE ) VALUES ('Bree', 14, 'Breese');
INSERT INTO CIUDAD (CODIGO_CIUDAD, CODIGO_PAIS, NOMBRE ) VALUES ('Wape', 36, 'Wapella');
INSERT INTO CIUDAD (CODIGO_CIUDAD, CODIGO_PAIS, NOMBRE ) VALUES ('Haag', 19, 'Haagberg');
INSERT INTO CIUDAD (CODIGO_CIUDAD, CODIGO_PAIS, NOMBRE ) VALUES ('Hons', 22, 'Honsfeld');
INSERT INTO CIUDAD (CODIGO_CIUDAD, CODIGO_PAIS, NOMBRE ) VALUES ('Berr', 1, 'Berry Park');
INSERT INTO CIUDAD (CODIGO_CIUDAD, CODIGO_PAIS, NOMBRE ) VALUES ('Lian', 2, 'Lianqiang');
INSERT INTO CIUDAD (CODIGO_CIUDAD, CODIGO_PAIS, NOMBRE ) VALUES ('Reic', 14, 'Reichenbach-steegen');
INSERT INTO CIUDAD (CODIGO_CIUDAD, CODIGO_PAIS, NOMBRE ) VALUES ('Hirs', 14, 'Hirschendorf');
INSERT INTO CIUDAD (CODIGO_CIUDAD, CODIGO_PAIS, NOMBRE ) VALUES ('Bülz', 14, 'Bülzig');
INSERT INTO CIUDAD (CODIGO_CIUDAD, CODIGO_PAIS, NOMBRE ) VALUES ('Wind', 19, 'Windhag');
INSERT INTO CIUDAD (CODIGO_CIUDAD, CODIGO_PAIS, NOMBRE ) VALUES ('Mont', 36, 'Montréal-ouest');
INSERT INTO CIUDAD (CODIGO_CIUDAD, CODIGO_PAIS, NOMBRE ) VALUES ('V. L', 95, 'V. López');
INSERT INTO CIUDAD (CODIGO_CIUDAD, CODIGO_PAIS, NOMBRE ) VALUES ('Houx', 31, 'Hou');
INSERT INTO CIUDAD (CODIGO_CIUDAD, CODIGO_PAIS, NOMBRE ) VALUES ('Ross', 23, 'Rossinière');
INSERT INTO CIUDAD (CODIGO_CIUDAD, CODIGO_PAIS, NOMBRE ) VALUES ('Bunn', 1, 'Bunnan');
INSERT INTO CIUDAD (CODIGO_CIUDAD, CODIGO_PAIS, NOMBRE ) VALUES ('Dril', 1, 'Drillham');
INSERT INTO CIUDAD (CODIGO_CIUDAD, CODIGO_PAIS, NOMBRE ) VALUES ('Lien', 1, 'Liena');
INSERT INTO CIUDAD (CODIGO_CIUDAD, CODIGO_PAIS, NOMBRE ) VALUES ('Song', 2, 'Songshan');
INSERT INTO CIUDAD (CODIGO_CIUDAD, CODIGO_PAIS, NOMBRE ) VALUES ('Andi', 2, 'Anding');
INSERT INTO CIUDAD (CODIGO_CIUDAD, CODIGO_PAIS, NOMBRE ) VALUES ('Los ', 81, 'Los Alcarrizos');
INSERT INTO CIUDAD (CODIGO_CIUDAD, CODIGO_PAIS, NOMBRE ) VALUES ('La C', 81, 'La Caleta');
INSERT INTO CIUDAD (CODIGO_CIUDAD, CODIGO_PAIS, NOMBRE ) VALUES ('Cane', 182, 'Cane Vale');
INSERT INTO CIUDAD (CODIGO_CIUDAD, CODIGO_PAIS, NOMBRE ) VALUES ('Dees', 14, 'Deesbach');
INSERT INTO CIUDAD (CODIGO_CIUDAD, CODIGO_PAIS, NOMBRE ) VALUES ('Lucy', 1, 'Lucyvale');
INSERT INTO CIUDAD (CODIGO_CIUDAD, CODIGO_PAIS, NOMBRE ) VALUES ('Vier', 22, 'Vierset-barse');
INSERT INTO CIUDAD (CODIGO_CIUDAD, CODIGO_PAIS, NOMBRE ) VALUES ('Fahr', 14, 'Fahrenwalde');
INSERT INTO CIUDAD (CODIGO_CIUDAD, CODIGO_PAIS, NOMBRE ) VALUES ('Klok', 40, 'Klokocna');
INSERT INTO CIUDAD (CODIGO_CIUDAD, CODIGO_PAIS, NOMBRE ) VALUES ('Pian', 47, 'Piancó');
INSERT INTO CIUDAD (CODIGO_CIUDAD, CODIGO_PAIS, NOMBRE ) VALUES ('Grev', 14, 'Grevenbrück');
INSERT INTO CIUDAD (CODIGO_CIUDAD, CODIGO_PAIS, NOMBRE ) VALUES ('Roll', 1, 'Rollands Plains');
INSERT INTO CIUDAD (CODIGO_CIUDAD, CODIGO_PAIS, NOMBRE ) VALUES ('Stec', 14, 'Stechow');
INSERT INTO CIUDAD (CODIGO_CIUDAD, CODIGO_PAIS, NOMBRE ) VALUES ('Pasa', 57, 'Pasarel');
INSERT INTO CIUDAD (CODIGO_CIUDAD, CODIGO_PAIS, NOMBRE ) VALUES ('Sche', 14, 'Scheiditz');
INSERT INTO CIUDAD (CODIGO_CIUDAD, CODIGO_PAIS, NOMBRE ) VALUES ('Heup', 14, 'Heupelzen');
INSERT INTO CIUDAD (CODIGO_CIUDAD, CODIGO_PAIS, NOMBRE ) VALUES ('Such', 40, 'Suchá');
INSERT INTO CIUDAD (CODIGO_CIUDAD, CODIGO_PAIS, NOMBRE ) VALUES ('Klei', 14, 'Kleinhöhenrain');
INSERT INTO CIUDAD (CODIGO_CIUDAD, CODIGO_PAIS, NOMBRE ) VALUES ('Hedd', 14, 'Heddinghausen');
INSERT INTO CIUDAD (CODIGO_CIUDAD, CODIGO_PAIS, NOMBRE ) VALUES ('Lyak', 77, 'Lyakhovichi');
INSERT INTO CIUDAD (CODIGO_CIUDAD, CODIGO_PAIS, NOMBRE ) VALUES ('Laza', 40, 'Lazany');
INSERT INTO CIUDAD (CODIGO_CIUDAD, CODIGO_PAIS, NOMBRE ) VALUES ('Berg', 14, 'Berghaselbach');
INSERT INTO CIUDAD (CODIGO_CIUDAD, CODIGO_PAIS, NOMBRE ) VALUES ('Katu', 40, 'Katusice');
INSERT INTO CIUDAD (CODIGO_CIUDAD, CODIGO_PAIS, NOMBRE ) VALUES ('Lunl', 95, 'Lunlunta');
INSERT INTO CIUDAD (CODIGO_CIUDAD, CODIGO_PAIS, NOMBRE ) VALUES ('Vach', 14, 'Vachenlueg');
INSERT INTO CIUDAD (CODIGO_CIUDAD, CODIGO_PAIS, NOMBRE ) VALUES ('Mrav', 56, 'Mravica');
INSERT INTO CIUDAD (CODIGO_CIUDAD, CODIGO_PAIS, NOMBRE ) VALUES ('Ruhl', 14, 'Ruhlsdorf');
INSERT INTO CIUDAD (CODIGO_CIUDAD, CODIGO_PAIS, NOMBRE ) VALUES ('Krip', 14, 'Krippendorf');
INSERT INTO CIUDAD (CODIGO_CIUDAD, CODIGO_PAIS, NOMBRE ) VALUES ('Tian', 2, 'Tiandong');
INSERT INTO CIUDAD (CODIGO_CIUDAD, CODIGO_PAIS, NOMBRE ) VALUES ('Duch', 2, 'Duchuantou');
INSERT INTO CIUDAD (CODIGO_CIUDAD, CODIGO_PAIS, NOMBRE ) VALUES ('Ujez', 40, 'Ujezdecek');
INSERT INTO CIUDAD (CODIGO_CIUDAD, CODIGO_PAIS, NOMBRE ) VALUES ('Walt', 1, 'Walton');
INSERT INTO CIUDAD (CODIGO_CIUDAD, CODIGO_PAIS, NOMBRE ) VALUES ('Ecke', 14, 'Eckersmühlen');
INSERT INTO CIUDAD (CODIGO_CIUDAD, CODIGO_PAIS, NOMBRE ) VALUES ('Esch', 14, 'Eschental');
INSERT INTO CIUDAD (CODIGO_CIUDAD, CODIGO_PAIS, NOMBRE ) VALUES ('Dirc', 77, 'Dirceu');
INSERT INTO CIUDAD (CODIGO_CIUDAD, CODIGO_PAIS, NOMBRE ) VALUES ('Paio', 77, 'Paiol Da Vargem');
INSERT INTO CIUDAD (CODIGO_CIUDAD, CODIGO_PAIS, NOMBRE ) VALUES ('Lake', 36, 'Lakeville');
INSERT INTO CIUDAD (CODIGO_CIUDAD, CODIGO_PAIS, NOMBRE ) VALUES ('Sain', 36, 'Saint-wenceslas');
INSERT INTO CIUDAD (CODIGO_CIUDAD, CODIGO_PAIS, NOMBRE ) VALUES ('Groß', 14, 'Großbuch');
INSERT INTO CIUDAD (CODIGO_CIUDAD, CODIGO_PAIS, NOMBRE ) VALUES ('Bogo', 114, 'Bogotá');
INSERT INTO CIUDAD (CODIGO_CIUDAD, CODIGO_PAIS, NOMBRE ) VALUES ('Ubaq', 114, 'Ubaque');
INSERT INTO CIUDAD (CODIGO_CIUDAD, CODIGO_PAIS, NOMBRE ) VALUES ('Gach', 114, 'Gachancipá');
INSERT INTO CIUDAD (CODIGO_CIUDAD, CODIGO_PAIS, NOMBRE ) VALUES ('Juan', 114, 'Juan De Acosta');
INSERT INTO CIUDAD (CODIGO_CIUDAD, CODIGO_PAIS, NOMBRE ) VALUES ('Fons', 114, 'Fonseca');
INSERT INTO CIUDAD (CODIGO_CIUDAD, CODIGO_PAIS, NOMBRE ) VALUES ('Inír', 114, 'Inírida');
INSERT INTO CIUDAD (CODIGO_CIUDAD, CODIGO_PAIS, NOMBRE ) VALUES ('Guat', 114, 'Guatapé');
INSERT INTO CIUDAD (CODIGO_CIUDAD, CODIGO_PAIS, NOMBRE ) VALUES ('Prov', 114, 'Providencia');
INSERT INTO CIUDAD (CODIGO_CIUDAD, CODIGO_PAIS, NOMBRE ) VALUES ('San ', 114, 'San Felipe');
INSERT INTO CIUDAD (CODIGO_CIUDAD, CODIGO_PAIS, NOMBRE ) VALUES ('Sant', 114, 'Santa Rosa');
INSERT INTO CIUDAD (CODIGO_CIUDAD, CODIGO_PAIS, NOMBRE ) VALUES ('Sant', 114, 'Santa Lucía');
INSERT INTO CIUDAD (CODIGO_CIUDAD, CODIGO_PAIS, NOMBRE ) VALUES ('Vill', 114, 'Villa Rosario');
INSERT INTO CIUDAD (CODIGO_CIUDAD, CODIGO_PAIS, NOMBRE ) VALUES ('Past', 114, 'Pasto');
INSERT INTO CIUDAD (CODIGO_CIUDAD, CODIGO_PAIS, NOMBRE ) VALUES ('Ibag', 114, 'Ibagué');
INSERT INTO CIUDAD (CODIGO_CIUDAD, CODIGO_PAIS, NOMBRE ) VALUES ('Duit', 114, 'Duitama');
INSERT INTO CIUDAD (CODIGO_CIUDAD, CODIGO_PAIS, NOMBRE ) VALUES ('Barr', 114, 'Barrancabermeja');
INSERT INTO CIUDAD (CODIGO_CIUDAD, CODIGO_PAIS, NOMBRE ) VALUES ('Cúcu', 114, 'Cúcuta');
INSERT INTO CIUDAD (CODIGO_CIUDAD, CODIGO_PAIS, NOMBRE ) VALUES ('Sant', 114, 'Santander');
INSERT INTO CIUDAD (CODIGO_CIUDAD, CODIGO_PAIS, NOMBRE ) VALUES ('Estr', 114, 'Estrella');
INSERT INTO CIUDAD (CODIGO_CIUDAD, CODIGO_PAIS, NOMBRE ) VALUES ('Mont', 114, 'Montería');
INSERT INTO CIUDAD (CODIGO_CIUDAD, CODIGO_PAIS, NOMBRE ) VALUES ('Tulu', 114, 'Tuluá');
INSERT INTO CIUDAD (CODIGO_CIUDAD, CODIGO_PAIS, NOMBRE ) VALUES ('Sant', 114, 'Santa Marta');
INSERT INTO CIUDAD (CODIGO_CIUDAD, CODIGO_PAIS, NOMBRE ) VALUES ('Arme', 114, 'Armenia');
INSERT INTO CIUDAD (CODIGO_CIUDAD, CODIGO_PAIS, NOMBRE ) VALUES ('Córd', 95, 'Córdoba');
INSERT INTO CIUDAD (CODIGO_CIUDAD, CODIGO_PAIS, NOMBRE ) VALUES ('San ', 95, 'San Isidro');
INSERT INTO CIUDAD (CODIGO_CIUDAD, CODIGO_PAIS, NOMBRE ) VALUES ('Puer', 95, 'Puerto Madero');
INSERT INTO CIUDAD (CODIGO_CIUDAD, CODIGO_PAIS, NOMBRE ) VALUES ('Rosa', 95, 'Rosario');
INSERT INTO CIUDAD (CODIGO_CIUDAD, CODIGO_PAIS, NOMBRE ) VALUES ('Fede', 95, 'Federal');
INSERT INTO CIUDAD (CODIGO_CIUDAD, CODIGO_PAIS, NOMBRE ) VALUES ('Puer', 95, 'Puerto Madryn');
INSERT INTO CIUDAD (CODIGO_CIUDAD, CODIGO_PAIS, NOMBRE ) VALUES ('Sant', 95, 'Santa Fe');
INSERT INTO CIUDAD (CODIGO_CIUDAD, CODIGO_PAIS, NOMBRE ) VALUES ('Tucu', 95, 'Tucumán');
INSERT INTO CIUDAD (CODIGO_CIUDAD, CODIGO_PAIS, NOMBRE ) VALUES ('Alve', 95, 'Alvear');
INSERT INTO CIUDAD (CODIGO_CIUDAD, CODIGO_PAIS, NOMBRE ) VALUES ('Cann', 95, 'Canning');
INSERT INTO CIUDAD (CODIGO_CIUDAD, CODIGO_PAIS, NOMBRE ) VALUES ('San ', 95, 'San Guillermo');
INSERT INTO CIUDAD (CODIGO_CIUDAD, CODIGO_PAIS, NOMBRE ) VALUES ('Mend', 95, 'Mendoza');
INSERT INTO CIUDAD (CODIGO_CIUDAD, CODIGO_PAIS, NOMBRE ) VALUES ('Río ', 95, 'Río Ceballos');
INSERT INTO CIUDAD (CODIGO_CIUDAD, CODIGO_PAIS, NOMBRE ) VALUES ('Mar ', 95, 'Mar Del Plata');
INSERT INTO CIUDAD (CODIGO_CIUDAD, CODIGO_PAIS, NOMBRE ) VALUES ('Sant', 95, 'Santa Cruz');
INSERT INTO CIUDAD (CODIGO_CIUDAD, CODIGO_PAIS, NOMBRE ) VALUES ('San ', 95, 'San Juan');
INSERT INTO CIUDAD (CODIGO_CIUDAD, CODIGO_PAIS, NOMBRE ) VALUES ('Para', 95, 'Paraná');
INSERT INTO CIUDAD (CODIGO_CIUDAD, CODIGO_PAIS, NOMBRE ) VALUES ('Cara', 120, 'Caracas');
INSERT INTO CIUDAD (CODIGO_CIUDAD, CODIGO_PAIS, NOMBRE ) VALUES ('Ribe', 120, 'Riberalta');
INSERT INTO CIUDAD (CODIGO_CIUDAD, CODIGO_PAIS, NOMBRE ) VALUES ('Arom', 120, 'Aroma');
INSERT INTO CIUDAD (CODIGO_CIUDAD, CODIGO_PAIS, NOMBRE ) VALUES ('Quil', 120, 'Quillacollo');
INSERT INTO CIUDAD (CODIGO_CIUDAD, CODIGO_PAIS, NOMBRE ) VALUES ('Huan', 120, 'Huanuni');





INSERT INTO CIUDAD (CODIGO_CIUDAD, CODIGO_PAIS, NOMBRE ) VALUES ('Vinc', 117, 'Vinces');
INSERT INTO CIUDAD (CODIGO_CIUDAD, CODIGO_PAIS, NOMBRE ) VALUES ('Vene', 66, 'Veneküla');
INSERT INTO CIUDAD (CODIGO_CIUDAD, CODIGO_PAIS, NOMBRE ) VALUES ('Mets', 66, 'Metsalaane');
INSERT INTO CIUDAD (CODIGO_CIUDAD, CODIGO_PAIS, NOMBRE ) VALUES ('Fela', 18, 'Felanitx');
INSERT INTO CIUDAD (CODIGO_CIUDAD, CODIGO_PAIS, NOMBRE ) VALUES ('Conc', 18, 'Concepción');
INSERT INTO CIUDAD (CODIGO_CIUDAD, CODIGO_PAIS, NOMBRE ) VALUES ('Monf', 18, 'Monfarracinos');
INSERT INTO CIUDAD (CODIGO_CIUDAD, CODIGO_PAIS, NOMBRE ) VALUES ('Garc', 18, 'Garcíez');
INSERT INTO CIUDAD (CODIGO_CIUDAD, CODIGO_PAIS, NOMBRE ) VALUES ('Bles', 18, 'Blesa');
INSERT INTO CIUDAD (CODIGO_CIUDAD, CODIGO_PAIS, NOMBRE ) VALUES ('La V', 18, 'La Virgen Del Camino');
INSERT INTO CIUDAD (CODIGO_CIUDAD, CODIGO_PAIS, NOMBRE ) VALUES ('Herr', 18, 'Herrera De Pisuerga');
INSERT INTO CIUDAD (CODIGO_CIUDAD, CODIGO_PAIS, NOMBRE ) VALUES ('Vill', 18, 'Villamiel');
INSERT INTO CIUDAD (CODIGO_CIUDAD, CODIGO_PAIS, NOMBRE ) VALUES ('Esto', 18, 'Estopiñán');
INSERT INTO CIUDAD (CODIGO_CIUDAD, CODIGO_PAIS, NOMBRE ) VALUES ('Zufí', 18, 'Zufía');
INSERT INTO CIUDAD (CODIGO_CIUDAD, CODIGO_PAIS, NOMBRE ) VALUES ('El T', 18, 'El Tejo');
INSERT INTO CIUDAD (CODIGO_CIUDAD, CODIGO_PAIS, NOMBRE ) VALUES ('Perr', 18, 'Perrunal');
INSERT INTO CIUDAD (CODIGO_CIUDAD, CODIGO_PAIS, NOMBRE ) VALUES ('Loir', 18, 'Loiro');
INSERT INTO CIUDAD (CODIGO_CIUDAD, CODIGO_PAIS, NOMBRE ) VALUES ('Barr', 18, 'Barrios');
INSERT INTO CIUDAD (CODIGO_CIUDAD, CODIGO_PAIS, NOMBRE ) VALUES ('Rinc', 18, 'Rincón De Olivedo');
INSERT INTO CIUDAD (CODIGO_CIUDAD, CODIGO_PAIS, NOMBRE ) VALUES ('Palo', 55, 'Palo');
INSERT INTO CIUDAD (CODIGO_CIUDAD, CODIGO_PAIS, NOMBRE ) VALUES ('Maks', 55, 'Maksniemi');
INSERT INTO CIUDAD (CODIGO_CIUDAD, CODIGO_PAIS, NOMBRE ) VALUES ('Hyyt', 55, 'Hyytiälä');
INSERT INTO CIUDAD (CODIGO_CIUDAD, CODIGO_PAIS, NOMBRE ) VALUES ('Käll', 55, 'Källmossa');
INSERT INTO CIUDAD (CODIGO_CIUDAD, CODIGO_PAIS, NOMBRE ) VALUES ('Lähd', 55, 'Lähde');
INSERT INTO CIUDAD (CODIGO_CIUDAD, CODIGO_PAIS, NOMBRE ) VALUES ('Lair', 12, 'Lair');
INSERT INTO CIUDAD (CODIGO_CIUDAD, CODIGO_PAIS, NOMBRE ) VALUES ('Alli', 12, 'Allières');
INSERT INTO CIUDAD (CODIGO_CIUDAD, CODIGO_PAIS, NOMBRE ) VALUES ('Le P', 12, 'Le Poinçonnet');
INSERT INTO CIUDAD (CODIGO_CIUDAD, CODIGO_PAIS, NOMBRE ) VALUES ('Aran', 12, 'Arandon');
INSERT INTO CIUDAD (CODIGO_CIUDAD, CODIGO_PAIS, NOMBRE ) VALUES ('Soin', 12, 'Soings');
INSERT INTO CIUDAD (CODIGO_CIUDAD, CODIGO_PAIS, NOMBRE ) VALUES ('Cépe', 12, 'Cépet');
INSERT INTO CIUDAD (CODIGO_CIUDAD, CODIGO_PAIS, NOMBRE ) VALUES ('Cour', 12, 'Courdemanche');
INSERT INTO CIUDAD (CODIGO_CIUDAD, CODIGO_PAIS, NOMBRE ) VALUES ('Creu', 12, 'Creuzier-le-vieux');
INSERT INTO CIUDAD (CODIGO_CIUDAD, CODIGO_PAIS, NOMBRE ) VALUES ('Sain', 12, 'Saint-laurs');
INSERT INTO CIUDAD (CODIGO_CIUDAD, CODIGO_PAIS, NOMBRE ) VALUES ('Rich', 12, 'Richecourt');
INSERT INTO CIUDAD (CODIGO_CIUDAD, CODIGO_PAIS, NOMBRE ) VALUES ('Russ', 12, 'Russ');
INSERT INTO CIUDAD (CODIGO_CIUDAD, CODIGO_PAIS, NOMBRE ) VALUES ('Lust', 12, 'Lustruyen');
INSERT INTO CIUDAD (CODIGO_CIUDAD, CODIGO_PAIS, NOMBRE ) VALUES ('Jeun', 12, 'Jeune');
INSERT INTO CIUDAD (CODIGO_CIUDAD, CODIGO_PAIS, NOMBRE ) VALUES ('Sain', 12, 'Saint-pardoux-corbier');
INSERT INTO CIUDAD (CODIGO_CIUDAD, CODIGO_PAIS, NOMBRE ) VALUES ('Bosc', 12, 'Bosc-bénard-commin');
INSERT INTO CIUDAD (CODIGO_CIUDAD, CODIGO_PAIS, NOMBRE ) VALUES ('Sain', 12, 'Saint-jean-de-la-blaquière');
INSERT INTO CIUDAD (CODIGO_CIUDAD, CODIGO_PAIS, NOMBRE ) VALUES ('Lasa', 12, 'Lasalle');
INSERT INTO CIUDAD (CODIGO_CIUDAD, CODIGO_PAIS, NOMBRE ) VALUES ('Vill', 12, 'Villechien');
INSERT INTO CIUDAD (CODIGO_CIUDAD, CODIGO_PAIS, NOMBRE ) VALUES ('Liss', 12, 'Lisse-en-champagne');
INSERT INTO CIUDAD (CODIGO_CIUDAD, CODIGO_PAIS, NOMBRE ) VALUES ('Guén', 12, 'Guénin');
INSERT INTO CIUDAD (CODIGO_CIUDAD, CODIGO_PAIS, NOMBRE ) VALUES ('Jenl', 12, 'Jenlain');
INSERT INTO CIUDAD (CODIGO_CIUDAD, CODIGO_PAIS, NOMBRE ) VALUES ('Lué-', 12, 'Lué-en-baugeois');
INSERT INTO CIUDAD (CODIGO_CIUDAD, CODIGO_PAIS, NOMBRE ) VALUES ('Pass', 12, 'Passy-en-valois');
INSERT INTO CIUDAD (CODIGO_CIUDAD, CODIGO_PAIS, NOMBRE ) VALUES ('Eber', 12, 'Ebersheim');
INSERT INTO CIUDAD (CODIGO_CIUDAD, CODIGO_PAIS, NOMBRE ) VALUES ('Sain', 12, 'Saint-jean-de-daye');
INSERT INTO CIUDAD (CODIGO_CIUDAD, CODIGO_PAIS, NOMBRE ) VALUES ('Écau', 12, 'Écauville');
INSERT INTO CIUDAD (CODIGO_CIUDAD, CODIGO_PAIS, NOMBRE ) VALUES ('Nico', 12, 'Nicorps');
INSERT INTO CIUDAD (CODIGO_CIUDAD, CODIGO_PAIS, NOMBRE ) VALUES ('Mill', 12, 'Millencourt-en-ponthieu');
INSERT INTO CIUDAD (CODIGO_CIUDAD, CODIGO_PAIS, NOMBRE ) VALUES ('Chev', 12, 'Chevagny-les-chevrières');
INSERT INTO CIUDAD (CODIGO_CIUDAD, CODIGO_PAIS, NOMBRE ) VALUES ('Sain', 12, 'Saint-offenge-dessous');
INSERT INTO CIUDAD (CODIGO_CIUDAD, CODIGO_PAIS, NOMBRE ) VALUES ('Sain', 12, 'Saint-andré-en-morvan');
INSERT INTO CIUDAD (CODIGO_CIUDAD, CODIGO_PAIS, NOMBRE ) VALUES ('Choq', 12, 'Choquel');
INSERT INTO CIUDAD (CODIGO_CIUDAD, CODIGO_PAIS, NOMBRE ) VALUES ('Léau', 12, 'Léaupartie');
INSERT INTO CIUDAD (CODIGO_CIUDAD, CODIGO_PAIS, NOMBRE ) VALUES ('Sain', 12, 'Saint-cecile');
INSERT INTO CIUDAD (CODIGO_CIUDAD, CODIGO_PAIS, NOMBRE ) VALUES ('Orio', 12, 'Oriocourt');
INSERT INTO CIUDAD (CODIGO_CIUDAD, CODIGO_PAIS, NOMBRE ) VALUES ('Pomm', 12, 'Pommier');
INSERT INTO CIUDAD (CODIGO_CIUDAD, CODIGO_PAIS, NOMBRE ) VALUES ('Esse', 12, 'Essey-les-ponts');
INSERT INTO CIUDAD (CODIGO_CIUDAD, CODIGO_PAIS, NOMBRE ) VALUES ('Arxx', 12, 'Arx');
INSERT INTO CIUDAD (CODIGO_CIUDAD, CODIGO_PAIS, NOMBRE ) VALUES ('La M', 12, 'La Môle');
INSERT INTO CIUDAD (CODIGO_CIUDAD, CODIGO_PAIS, NOMBRE ) VALUES ('Pruc', 12, 'Prucinasca');
INSERT INTO CIUDAD (CODIGO_CIUDAD, CODIGO_PAIS, NOMBRE ) VALUES ('Skip', 20, 'Skipton');
INSERT INTO CIUDAD (CODIGO_CIUDAD, CODIGO_PAIS, NOMBRE ) VALUES ('Alve', 20, 'Alvechurch');
INSERT INTO CIUDAD (CODIGO_CIUDAD, CODIGO_PAIS, NOMBRE ) VALUES ('Coni', 20, 'Coniston Cold');
INSERT INTO CIUDAD (CODIGO_CIUDAD, CODIGO_PAIS, NOMBRE ) VALUES ('Ling', 20, 'Lingen');
INSERT INTO CIUDAD (CODIGO_CIUDAD, CODIGO_PAIS, NOMBRE ) VALUES ('Agha', 20, 'Aghadowey');
INSERT INTO CIUDAD (CODIGO_CIUDAD, CODIGO_PAIS, NOMBRE ) VALUES ('Berr', 20, 'Berrynarbor');
INSERT INTO CIUDAD (CODIGO_CIUDAD, CODIGO_PAIS, NOMBRE ) VALUES ('Fask', 20, 'Faskomiliá');
INSERT INTO CIUDAD (CODIGO_CIUDAD, CODIGO_PAIS, NOMBRE ) VALUES ('Kast', 64, 'Kastel Gomilica');
INSERT INTO CIUDAD (CODIGO_CIUDAD, CODIGO_PAIS, NOMBRE ) VALUES ('Cser', 45, 'Cserhátsurány');
INSERT INTO CIUDAD (CODIGO_CIUDAD, CODIGO_PAIS, NOMBRE ) VALUES ('Jász', 45, 'Jászboldogháza');
INSERT INTO CIUDAD (CODIGO_CIUDAD, CODIGO_PAIS, NOMBRE ) VALUES ('Abu ', 25, 'Abu Shusha');
INSERT INTO CIUDAD (CODIGO_CIUDAD, CODIGO_PAIS, NOMBRE ) VALUES ('Yad ', 25, 'Yad Natan');
INSERT INTO CIUDAD (CODIGO_CIUDAD, CODIGO_PAIS, NOMBRE ) VALUES ('Shoe', 25, 'Shoevah');
INSERT INTO CIUDAD (CODIGO_CIUDAD, CODIGO_PAIS, NOMBRE ) VALUES ('Rama', 25, 'Ramat Zevi');
INSERT INTO CIUDAD (CODIGO_CIUDAD, CODIGO_PAIS, NOMBRE ) VALUES ('Aser', 25, 'Aseret');
INSERT INTO CIUDAD (CODIGO_CIUDAD, CODIGO_PAIS, NOMBRE ) VALUES ('Gann', 25, 'Ganne''am');
INSERT INTO CIUDAD (CODIGO_CIUDAD, CODIGO_PAIS, NOMBRE ) VALUES ('Drug', 5, 'Drug');
INSERT INTO CIUDAD (CODIGO_CIUDAD, CODIGO_PAIS, NOMBRE ) VALUES ('Vani', 5, 'Vaniyambadi');
INSERT INTO CIUDAD (CODIGO_CIUDAD, CODIGO_PAIS, NOMBRE ) VALUES ('Patx', 5, 'Pat');
INSERT INTO CIUDAD (CODIGO_CIUDAD, CODIGO_PAIS, NOMBRE ) VALUES ('Umar', 5, 'Umarkhed');
INSERT INTO CIUDAD (CODIGO_CIUDAD, CODIGO_PAIS, NOMBRE ) VALUES ('Zahe', 32, 'Zahedan');
INSERT INTO CIUDAD (CODIGO_CIUDAD, CODIGO_PAIS, NOMBRE ) VALUES ('Alsa', 32, 'Alsard');
INSERT INTO CIUDAD (CODIGO_CIUDAD, CODIGO_PAIS, NOMBRE ) VALUES ('Dama', 32, 'Damagh');
INSERT INTO CIUDAD (CODIGO_CIUDAD, CODIGO_PAIS, NOMBRE ) VALUES ('Fesh', 32, 'Feshar');
INSERT INTO CIUDAD (CODIGO_CIUDAD, CODIGO_PAIS, NOMBRE ) VALUES ('Tagg', 16, 'Taggia');
INSERT INTO CIUDAD (CODIGO_CIUDAD, CODIGO_PAIS, NOMBRE ) VALUES ('Mast', 16, 'Mastro');
INSERT INTO CIUDAD (CODIGO_CIUDAD, CODIGO_PAIS, NOMBRE ) VALUES ('Istr', 16, 'Istrana');
INSERT INTO CIUDAD (CODIGO_CIUDAD, CODIGO_PAIS, NOMBRE ) VALUES ('Mona', 16, 'Monastir');
INSERT INTO CIUDAD (CODIGO_CIUDAD, CODIGO_PAIS, NOMBRE ) VALUES ('Doso', 16, 'Dosolo');
INSERT INTO CIUDAD (CODIGO_CIUDAD, CODIGO_PAIS, NOMBRE ) VALUES ('Mezz', 16, 'Mezzolara');
INSERT INTO CIUDAD (CODIGO_CIUDAD, CODIGO_PAIS, NOMBRE ) VALUES ('Carb', 16, 'Carboneri');
INSERT INTO CIUDAD (CODIGO_CIUDAD, CODIGO_PAIS, NOMBRE ) VALUES ('Carp', 16, 'Carpinello');
INSERT INTO CIUDAD (CODIGO_CIUDAD, CODIGO_PAIS, NOMBRE ) VALUES ('Sant', 16, 'Santa Maria Al Bagno');
INSERT INTO CIUDAD (CODIGO_CIUDAD, CODIGO_PAIS, NOMBRE ) VALUES ('Cimo', 16, 'Cimolais');
INSERT INTO CIUDAD (CODIGO_CIUDAD, CODIGO_PAIS, NOMBRE ) VALUES ('Fecc', 16, 'Fecchiera');
INSERT INTO CIUDAD (CODIGO_CIUDAD, CODIGO_PAIS, NOMBRE ) VALUES ('San ', 16, 'San Ambrogio Di Valpolicella');
INSERT INTO CIUDAD (CODIGO_CIUDAD, CODIGO_PAIS, NOMBRE ) VALUES ('Mira', 16, 'Miradolo');
INSERT INTO CIUDAD (CODIGO_CIUDAD, CODIGO_PAIS, NOMBRE ) VALUES ('Rutt', 16, 'Ruttàrs');
INSERT INTO CIUDAD (CODIGO_CIUDAD, CODIGO_PAIS, NOMBRE ) VALUES ('Ligu', 178, 'Liguanea');
INSERT INTO CIUDAD (CODIGO_CIUDAD, CODIGO_PAIS, NOMBRE ) VALUES ('Enza', 3, 'Enzan');
INSERT INTO CIUDAD (CODIGO_CIUDAD, CODIGO_PAIS, NOMBRE ) VALUES ('Shin', 3, 'Shinokawa');
INSERT INTO CIUDAD (CODIGO_CIUDAD, CODIGO_PAIS, NOMBRE ) VALUES ('Koya', 3, 'Koyasan');
INSERT INTO CIUDAD (CODIGO_CIUDAD, CODIGO_PAIS, NOMBRE ) VALUES ('Shim', 3, 'Shimasaki');
INSERT INTO CIUDAD (CODIGO_CIUDAD, CODIGO_PAIS, NOMBRE ) VALUES ('Saga', 129, 'Sagana');
INSERT INTO CIUDAD (CODIGO_CIUDAD, CODIGO_PAIS, NOMBRE ) VALUES ('Wolc', 240, 'Wolchon');
INSERT INTO CIUDAD (CODIGO_CIUDAD, CODIGO_PAIS, NOMBRE ) VALUES ('Sinh', 240, 'Sinhan');
INSERT INTO CIUDAD (CODIGO_CIUDAD, CODIGO_PAIS, NOMBRE ) VALUES ('Pyon', 240, 'Pyongchonni');
INSERT INTO CIUDAD (CODIGO_CIUDAD, CODIGO_PAIS, NOMBRE ) VALUES ('Anmy', 240, 'Anmyon');
INSERT INTO CIUDAD (CODIGO_CIUDAD, CODIGO_PAIS, NOMBRE ) VALUES ('Timu', 28, 'Timur');
INSERT INTO CIUDAD (CODIGO_CIUDAD, CODIGO_PAIS, NOMBRE ) VALUES ('Dehi', 205, 'Dehiwala');
INSERT INTO CIUDAD (CODIGO_CIUDAD, CODIGO_PAIS, NOMBRE ) VALUES ('Anna', 67, 'Annas');
INSERT INTO CIUDAD (CODIGO_CIUDAD, CODIGO_PAIS, NOMBRE ) VALUES ('Meza', 67, 'Mezares');
INSERT INTO CIUDAD (CODIGO_CIUDAD, CODIGO_PAIS, NOMBRE ) VALUES ('Virb', 67, 'Virbi');
INSERT INTO CIUDAD (CODIGO_CIUDAD, CODIGO_PAIS, NOMBRE ) VALUES ('Rank', 67, 'Ranki');
INSERT INTO CIUDAD (CODIGO_CIUDAD, CODIGO_PAIS, NOMBRE ) VALUES ('Ambo', 134, 'Ambohidratrimo');
INSERT INTO CIUDAD (CODIGO_CIUDAD, CODIGO_PAIS, NOMBRE ) VALUES ('Mure', 35, 'Muren');
INSERT INTO CIUDAD (CODIGO_CIUDAD, CODIGO_PAIS, NOMBRE ) VALUES ('Tlal', 35, 'Tlalpan');
INSERT INTO CIUDAD (CODIGO_CIUDAD, CODIGO_PAIS, NOMBRE ) VALUES ('Bell', 35, 'Bellavista');
INSERT INTO CIUDAD (CODIGO_CIUDAD, CODIGO_PAIS, NOMBRE ) VALUES ('Sant', 35, 'Santa Rosa Jáuregui');
INSERT INTO CIUDAD (CODIGO_CIUDAD, CODIGO_PAIS, NOMBRE ) VALUES ('Chia', 35, 'Chiapa De Corzo');
INSERT INTO CIUDAD (CODIGO_CIUDAD, CODIGO_PAIS, NOMBRE ) VALUES ('Tolu', 35, 'Toluca De Lerdo');
INSERT INTO CIUDAD (CODIGO_CIUDAD, CODIGO_PAIS, NOMBRE ) VALUES ('Fort', 35, 'Fortín De Las Flores');
INSERT INTO CIUDAD (CODIGO_CIUDAD, CODIGO_PAIS, NOMBRE ) VALUES ('Nuev', 35, 'Nueva York');
INSERT INTO CIUDAD (CODIGO_CIUDAD, CODIGO_PAIS, NOMBRE ) VALUES ('Tanj', 6, 'Tanjung');
INSERT INTO CIUDAD (CODIGO_CIUDAD, CODIGO_PAIS, NOMBRE ) VALUES ('Meng', 6, 'Mengatal');
INSERT INTO CIUDAD (CODIGO_CIUDAD, CODIGO_PAIS, NOMBRE ) VALUES ('Idan', 131, 'Idanre');
INSERT INTO CIUDAD (CODIGO_CIUDAD, CODIGO_PAIS, NOMBRE ) VALUES ('Heer', 246, 'Heerenveen');
INSERT INTO CIUDAD (CODIGO_CIUDAD, CODIGO_PAIS, NOMBRE ) VALUES ('Boer', 246, 'Boerakker');
INSERT INTO CIUDAD (CODIGO_CIUDAD, CODIGO_PAIS, NOMBRE ) VALUES ('Adeg', 246, 'Adegeest');
INSERT INTO CIUDAD (CODIGO_CIUDAD, CODIGO_PAIS, NOMBRE ) VALUES ('Geef', 246, 'Geefsweer');
INSERT INTO CIUDAD (CODIGO_CIUDAD, CODIGO_PAIS, NOMBRE ) VALUES ('Te M', 86, 'Te Miro');
INSERT INTO CIUDAD (CODIGO_CIUDAD, CODIGO_PAIS, NOMBRE ) VALUES ('Piri', 86, 'Pirinoa');
INSERT INTO CIUDAD (CODIGO_CIUDAD, CODIGO_PAIS, NOMBRE ) VALUES ('Wood', 86, 'Woodhill');
INSERT INTO CIUDAD (CODIGO_CIUDAD, CODIGO_PAIS, NOMBRE ) VALUES ('Cain', 10, 'Cainta');
INSERT INTO CIUDAD (CODIGO_CIUDAD, CODIGO_PAIS, NOMBRE ) VALUES ('Peña', 10, 'Peña');
INSERT INTO CIUDAD (CODIGO_CIUDAD, CODIGO_PAIS, NOMBRE ) VALUES ('Bier', 63, 'Bierkowo');
INSERT INTO CIUDAD (CODIGO_CIUDAD, CODIGO_PAIS, NOMBRE ) VALUES ('Wilc', 63, 'Wilczyn');
INSERT INTO CIUDAD (CODIGO_CIUDAD, CODIGO_PAIS, NOMBRE ) VALUES ('Otom', 63, 'Otomin');
INSERT INTO CIUDAD (CODIGO_CIUDAD, CODIGO_PAIS, NOMBRE ) VALUES ('Bole', 63, 'Boleslawowo');
INSERT INTO CIUDAD (CODIGO_CIUDAD, CODIGO_PAIS, NOMBRE ) VALUES ('Dzie', 63, 'Dziecmierowo');
INSERT INTO CIUDAD (CODIGO_CIUDAD, CODIGO_PAIS, NOMBRE ) VALUES ('Durs', 63, 'Dursztyn');
INSERT INTO CIUDAD (CODIGO_CIUDAD, CODIGO_PAIS, NOMBRE ) VALUES ('Bedl', 63, 'Bedlewo');
INSERT INTO CIUDAD (CODIGO_CIUDAD, CODIGO_PAIS, NOMBRE ) VALUES ('Barw', 63, 'Barwinek');
INSERT INTO CIUDAD (CODIGO_CIUDAD, CODIGO_PAIS, NOMBRE ) VALUES ('Grab', 63, 'Grabiny-zameczek');
INSERT INTO CIUDAD (CODIGO_CIUDAD, CODIGO_PAIS, NOMBRE ) VALUES ('Tenc', 63, 'Tenczyn');
INSERT INTO CIUDAD (CODIGO_CIUDAD, CODIGO_PAIS, NOMBRE ) VALUES ('Lesz', 63, 'Leszczydol Pustki');
INSERT INTO CIUDAD (CODIGO_CIUDAD, CODIGO_PAIS, NOMBRE ) VALUES ('Wojs', 63, 'Wojszczyce');
INSERT INTO CIUDAD (CODIGO_CIUDAD, CODIGO_PAIS, NOMBRE ) VALUES ('Hele', 63, 'Helenow Trebski');
INSERT INTO CIUDAD (CODIGO_CIUDAD, CODIGO_PAIS, NOMBRE ) VALUES ('Reis', 63, 'Reisicht');
INSERT INTO CIUDAD (CODIGO_CIUDAD, CODIGO_PAIS, NOMBRE ) VALUES ('Nowa', 63, 'Nowawies');
INSERT INTO CIUDAD (CODIGO_CIUDAD, CODIGO_PAIS, NOMBRE ) VALUES ('An N', 50, 'An Nabi Salih');
INSERT INTO CIUDAD (CODIGO_CIUDAD, CODIGO_PAIS, NOMBRE ) VALUES ('Ouré', 29, 'Ourém');
INSERT INTO CIUDAD (CODIGO_CIUDAD, CODIGO_PAIS, NOMBRE ) VALUES ('Abad', 29, 'Abade De Neiva');
INSERT INTO CIUDAD (CODIGO_CIUDAD, CODIGO_PAIS, NOMBRE ) VALUES ('Bote', 43, 'Botesti');
INSERT INTO CIUDAD (CODIGO_CIUDAD, CODIGO_PAIS, NOMBRE ) VALUES ('Poen', 43, 'Poenari');
INSERT INTO CIUDAD (CODIGO_CIUDAD, CODIGO_PAIS, NOMBRE ) VALUES ('Tikh', 27, 'Tikhvin');
INSERT INTO CIUDAD (CODIGO_CIUDAD, CODIGO_PAIS, NOMBRE ) VALUES ('Shap', 27, 'Shapovalov');
INSERT INTO CIUDAD (CODIGO_CIUDAD, CODIGO_PAIS, NOMBRE ) VALUES ('Artë', 27, 'Artëmovskoye');
INSERT INTO CIUDAD (CODIGO_CIUDAD, CODIGO_PAIS, NOMBRE ) VALUES ('Over', 27, 'Overyata');
INSERT INTO CIUDAD (CODIGO_CIUDAD, CODIGO_PAIS, NOMBRE ) VALUES ('Tama', 27, 'Taman');
INSERT INTO CIUDAD (CODIGO_CIUDAD, CODIGO_PAIS, NOMBRE ) VALUES ('Dive', 27, 'Diveyevo');
INSERT INTO CIUDAD (CODIGO_CIUDAD, CODIGO_PAIS, NOMBRE ) VALUES ('Abdu', 27, 'Abdullino');
INSERT INTO CIUDAD (CODIGO_CIUDAD, CODIGO_PAIS, NOMBRE ) VALUES ('Ösar', 15, 'Ösaren');
INSERT INTO CIUDAD (CODIGO_CIUDAD, CODIGO_PAIS, NOMBRE ) VALUES ('Flis', 15, 'Fliseryd');
INSERT INTO CIUDAD (CODIGO_CIUDAD, CODIGO_PAIS, NOMBRE ) VALUES ('Norr', 15, 'Norra Holmnäs');
INSERT INTO CIUDAD (CODIGO_CIUDAD, CODIGO_PAIS, NOMBRE ) VALUES ('Fjär', 15, 'Fjärskogen');
INSERT INTO CIUDAD (CODIGO_CIUDAD, CODIGO_PAIS, NOMBRE ) VALUES ('Spis', 53, 'Spisska Teplica');
INSERT INTO CIUDAD (CODIGO_CIUDAD, CODIGO_PAIS, NOMBRE ) VALUES ('Giga', 202, 'Gigante');
INSERT INTO CIUDAD (CODIGO_CIUDAD, CODIGO_PAIS, NOMBRE ) VALUES ('Bank', 4, 'Bankok');
INSERT INTO CIUDAD (CODIGO_CIUDAD, CODIGO_PAIS, NOMBRE ) VALUES ('Sath', 4, 'Sathon');
INSERT INTO CIUDAD (CODIGO_CIUDAD, CODIGO_PAIS, NOMBRE ) VALUES ('Kut ', 4, 'Kut Chum');
INSERT INTO CIUDAD (CODIGO_CIUDAD, CODIGO_PAIS, NOMBRE ) VALUES ('Eegr', 42, 'Eegriagac');
INSERT INTO CIUDAD (CODIGO_CIUDAD, CODIGO_PAIS, NOMBRE ) VALUES ('Kizi', 42, 'Kizilay');
INSERT INTO CIUDAD (CODIGO_CIUDAD, CODIGO_PAIS, NOMBRE ) VALUES ('Vasi', 26, 'Vasilyevka');
INSERT INTO CIUDAD (CODIGO_CIUDAD, CODIGO_PAIS, NOMBRE ) VALUES ('Sere', 26, 'Serebryanka');
INSERT INTO CIUDAD (CODIGO_CIUDAD, CODIGO_PAIS, NOMBRE ) VALUES ('Volc', 26, 'Volchansk');
INSERT INTO CIUDAD (CODIGO_CIUDAD, CODIGO_PAIS, NOMBRE ) VALUES ('Poch', 26, 'Pochayiv');
INSERT INTO CIUDAD (CODIGO_CIUDAD, CODIGO_PAIS, NOMBRE ) VALUES ('Nort', 34, 'North Aurora');
INSERT INTO CIUDAD (CODIGO_CIUDAD, CODIGO_PAIS, NOMBRE ) VALUES ('Glou', 34, 'Gloucester City');
INSERT INTO CIUDAD (CODIGO_CIUDAD, CODIGO_PAIS, NOMBRE ) VALUES ('Farw', 34, 'Farwell');
INSERT INTO CIUDAD (CODIGO_CIUDAD, CODIGO_PAIS, NOMBRE ) VALUES ('Galt', 34, 'Galt');
INSERT INTO CIUDAD (CODIGO_CIUDAD, CODIGO_PAIS, NOMBRE ) VALUES ('Robe', 34, 'Robersonville');
INSERT INTO CIUDAD (CODIGO_CIUDAD, CODIGO_PAIS, NOMBRE ) VALUES ('Venu', 34, 'Venus');
INSERT INTO CIUDAD (CODIGO_CIUDAD, CODIGO_PAIS, NOMBRE ) VALUES ('Hopa', 34, 'Hopatcong');
INSERT INTO CIUDAD (CODIGO_CIUDAD, CODIGO_PAIS, NOMBRE ) VALUES ('Boul', 34, 'Boulder City');
INSERT INTO CIUDAD (CODIGO_CIUDAD, CODIGO_PAIS, NOMBRE ) VALUES ('Yeom', 34, 'Yeoman');
INSERT INTO CIUDAD (CODIGO_CIUDAD, CODIGO_PAIS, NOMBRE ) VALUES ('Brun', 34, 'Bruner');
INSERT INTO CIUDAD (CODIGO_CIUDAD, CODIGO_PAIS, NOMBRE ) VALUES ('Pica', 34, 'Picacho');
INSERT INTO CIUDAD (CODIGO_CIUDAD, CODIGO_PAIS, NOMBRE ) VALUES ('Shar', 34, 'Sharon Springs');
INSERT INTO CIUDAD (CODIGO_CIUDAD, CODIGO_PAIS, NOMBRE ) VALUES ('Nort', 34, 'North Waterford');
INSERT INTO CIUDAD (CODIGO_CIUDAD, CODIGO_PAIS, NOMBRE ) VALUES ('Bim ', 11, 'Bim Son');
INSERT INTO CIUDAD (CODIGO_CIUDAD, CODIGO_PAIS, NOMBRE ) VALUES ('Ap N', 11, 'Ap Nhon Qui');
INSERT INTO CIUDAD (CODIGO_CIUDAD, CODIGO_PAIS, NOMBRE ) VALUES ('Pret', 118, 'Pretoria');







INSERT INTO AUTHORITY (ID, NAME) VALUES (1, 'ROLE_USER');
INSERT INTO AUTHORITY (ID, NAME) VALUES (2, 'ROLE_ADMIN');

